params,time,steps,reward_mean,reward_median,reward_min,reward_max,reward_std
"{""alpha"": 0.1, ""q_init"": ""random"", ""epsilon"": 0.1, ""epsilon_decay"": 0.0001, ""discount_factor"": 0.0}",31.606117559111908,100,-1.0,-1.0,-1.0,-1.0,0.0
"{""alpha"": 0.1, ""q_init"": ""random"", ""epsilon"": 0.1, ""epsilon_decay"": 0.0001, ""discount_factor"": 0.1}",3.4397160019534567,100,-3.9072115384615373,-13.375,-13.375,6.769230769230769,10.053969230659614
"{""alpha"": 0.1, ""q_init"": ""random"", ""epsilon"": 0.1, ""epsilon_decay"": 0.0001, ""discount_factor"": 0.2}",3.316514306569161,100,-4.108653846153846,-13.375,-13.375,6.769230769230769,10.039832880469248
"{""alpha"": 0.1, ""q_init"": ""random"", ""epsilon"": 0.1, ""epsilon_decay"": 0.0001, ""discount_factor"": 0.3}",3.086047106157366,100,-3.5043269230769227,-13.375,-13.375,6.769230769230769,10.070100760055857
"{""alpha"": 0.1, ""q_init"": ""random"", ""epsilon"": 0.1, ""epsilon_decay"": 0.0001, ""discount_factor"": 0.4}",3.152414283119924,100,-6.324519230769232,-13.375,-13.375,6.769230769230769,9.608185706579333
"{""alpha"": 0.1, ""q_init"": ""random"", ""epsilon"": 0.1, ""epsilon_decay"": 0.0001, ""discount_factor"": 0.5}",3.4320345847136196,100,-0.48269230769230775,6.769230769230769,-13.375,6.769230769230769,9.66923076923077
"{""alpha"": 0.1, ""q_init"": ""random"", ""epsilon"": 0.1, ""epsilon_decay"": 0.0001, ""discount_factor"": 0.6}",2.9583869164844145,100,-2.698557692307692,6.769230769230769,-13.375,6.769230769230769,10.053969230659614
"{""alpha"": 0.1, ""q_init"": ""random"", ""epsilon"": 0.1, ""epsilon_decay"": 0.0001, ""discount_factor"": 0.7}",3.2646732030177645,100,-3.504326923076923,-13.375,-13.375,6.769230769230769,10.070100760055857
"{""alpha"": 0.1, ""q_init"": ""random"", ""epsilon"": 0.1, ""epsilon_decay"": 0.0001, ""discount_factor"": 0.8}",4.025626821489141,100,-3.5043269230769227,-13.375,-13.375,6.769230769230769,10.070100760055857
"{""alpha"": 0.1, ""q_init"": ""random"", ""epsilon"": 0.1, ""epsilon_decay"": 0.0001, ""discount_factor"": 0.9}",3.004906318374651,100,-3.504326923076923,-13.375,-13.375,6.769230769230769,10.070100760055857
"{""alpha"": 0.1, ""q_init"": ""random"", ""epsilon"": 0.3, ""epsilon_decay"": 0.0001, ""discount_factor"": 0.0}",29.516306614925952,100,-1.0,-1.0,-1.0,-1.0,0.0
"{""alpha"": 0.1, ""q_init"": ""random"", ""epsilon"": 0.3, ""epsilon_decay"": 0.0001, ""discount_factor"": 0.1}",3.245901616221772,100,-3.3028846153846154,-3.3028846153846154,-13.375,6.769230769230769,10.072115384615383
"{""alpha"": 0.1, ""q_init"": ""random"", ""epsilon"": 0.3, ""epsilon_decay"": 0.0001, ""discount_factor"": 0.2}",3.052553743297949,100,-3.5043269230769227,-13.375,-13.375,6.769230769230769,10.070100760055857
"{""alpha"": 0.1, ""q_init"": ""random"", ""epsilon"": 0.3, ""epsilon_decay"": 0.0001, ""discount_factor"": 0.3}",3.001430568754131,100,-1.8927884615384614,6.769230769230769,-13.375,6.769230769230769,9.972920192095904
"{""alpha"": 0.1, ""q_init"": ""random"", ""epsilon"": 0.3, ""epsilon_decay"": 0.0001, ""discount_factor"": 0.4}",2.8323875547218904,100,-2.9,6.769230769230769,-13.375,6.769230769230769,10.064054466649727
"{""alpha"": 0.1, ""q_init"": ""random"", ""epsilon"": 0.3, ""epsilon_decay"": 0.0001, ""discount_factor"": 0.5}",3.0053675419217143,100,-4.108653846153846,-13.375,-13.375,6.769230769230769,10.039832880469248
"{""alpha"": 0.1, ""q_init"": ""random"", ""epsilon"": 0.3, ""epsilon_decay"": 0.0001, ""discount_factor"": 0.6}",2.9200588165808767,100,-3.9072115384615387,-13.375,-13.375,6.769230769230769,10.053969230659614
"{""alpha"": 0.1, ""q_init"": ""random"", ""epsilon"": 0.3, ""epsilon_decay"": 0.0001, ""discount_factor"": 0.7}",2.90430598726698,100,-4.108653846153846,-13.375,-13.375,6.769230769230769,10.03983288046925
"{""alpha"": 0.1, ""q_init"": ""random"", ""epsilon"": 0.3, ""epsilon_decay"": 0.0001, ""discount_factor"": 0.8}",2.8396761561882613,100,-4.5115384615384615,-13.375,-13.375,6.769230769230769,9.99933318782725
"{""alpha"": 0.1, ""q_init"": ""random"", ""epsilon"": 0.3, ""epsilon_decay"": 0.0001, ""discount_factor"": 0.9}",2.8750740055747883,100,-3.9072115384615382,-13.375,-13.375,6.769230769230769,10.053969230659614
"{""alpha"": 0.1, ""q_init"": ""random"", ""epsilon"": 0.5, ""epsilon_decay"": 0.0001, ""discount_factor"": 0.0}",29.386422467369584,100,-1.0,-1.0,-1.0,-1.0,0.0
"{""alpha"": 0.1, ""q_init"": ""random"", ""epsilon"": 0.5, ""epsilon_decay"": 0.0001, ""discount_factor"": 0.1}",3.339179141976274,100,-2.6985576923076917,6.769230769230769,-13.375,6.769230769230769,10.053969230659614
"{""alpha"": 0.1, ""q_init"": ""random"", ""epsilon"": 0.5, ""epsilon_decay"": 0.0001, ""discount_factor"": 0.2}",3.1524890380069337,100,-4.712980769230769,-13.375,-13.375,6.769230769230769,9.972920192095904
"{""alpha"": 0.1, ""q_init"": ""random"", ""epsilon"": 0.5, ""epsilon_decay"": 0.0001, ""discount_factor"": 0.3}",3.10206616160076,100,-4.914423076923076,-13.375,-13.375,6.769230769230769,9.942356466551988
"{""alpha"": 0.1, ""q_init"": ""random"", ""epsilon"": 0.5, ""epsilon_decay"": 0.0001, ""discount_factor"": 0.4}",3.086872583468903,100,-3.1014423076923077,6.769230769230769,-13.375,6.769230769230769,10.070100760055857
"{""alpha"": 0.1, ""q_init"": ""random"", ""epsilon"": 0.5, ""epsilon_decay"": 0.0001, ""discount_factor"": 0.5}",2.972806146826315,100,-3.1014423076923077,6.769230769230769,-13.375,6.769230769230769,10.070100760055857
"{""alpha"": 0.1, ""q_init"": ""random"", ""epsilon"": 0.5, ""epsilon_decay"": 0.0001, ""discount_factor"": 0.6}",3.2266681006440194,100,-3.504326923076923,-13.375,-13.375,6.769230769230769,10.070100760055857
"{""alpha"": 0.1, ""q_init"": ""random"", ""epsilon"": 0.5, ""epsilon_decay"": 0.0001, ""discount_factor"": 0.7}",3.0343608016405597,100,-2.698557692307692,6.769230769230769,-13.375,6.769230769230769,10.053969230659614
"{""alpha"": 0.1, ""q_init"": ""random"", ""epsilon"": 0.5, ""epsilon_decay"": 0.0001, ""discount_factor"": 0.8}",3.006452898250245,100,-2.9,6.769230769230769,-13.375,6.769230769230769,10.064054466649727
"{""alpha"": 0.1, ""q_init"": ""random"", ""epsilon"": 0.5, ""epsilon_decay"": 0.0001, ""discount_factor"": 0.9}",3.012110291667341,100,-3.1014423076923077,6.769230769230769,-13.375,6.769230769230769,10.070100760055857
"{""alpha"": 0.1, ""q_init"": 0, ""epsilon"": 0.1, ""epsilon_decay"": 0.0001, ""discount_factor"": 0.0}",31.245425582744247,100,-1.0,-1.0,-1.0,-1.0,0.0
"{""alpha"": 0.1, ""q_init"": 0, ""epsilon"": 0.1, ""epsilon_decay"": 0.0001, ""discount_factor"": 0.1}",3.235791723011971,100,-5.115865384615385,-13.375,-13.375,6.769230769230769,9.907603597813415
"{""alpha"": 0.1, ""q_init"": 0, ""epsilon"": 0.1, ""epsilon_decay"": 0.0001, ""discount_factor"": 0.2}",3.3156384049702865,100,-1.2884615384615383,6.769230769230769,-13.375,6.769230769230769,9.868617329097612
"{""alpha"": 0.1, ""q_init"": 0, ""epsilon"": 0.1, ""epsilon_decay"": 0.0001, ""discount_factor"": 0.3}",3.1306969306419887,100,-3.7057692307692305,-13.375,-13.375,6.769230769230769,10.064054466649726
"{""alpha"": 0.1, ""q_init"": 0, ""epsilon"": 0.1, ""epsilon_decay"": 0.0001, ""discount_factor"": 0.4}",3.0423786158712574,100,-3.7057692307692305,-13.375,-13.375,6.769230769230769,10.064054466649727
"{""alpha"": 0.1, ""q_init"": 0, ""epsilon"": 0.1, ""epsilon_decay"": 0.0001, ""discount_factor"": 0.5}",3.089829632907822,100,-3.705769230769231,-13.375,-13.375,6.769230769230769,10.064054466649727
"{""alpha"": 0.1, ""q_init"": 0, ""epsilon"": 0.1, ""epsilon_decay"": 0.0001, ""discount_factor"": 0.6}",3.3318238958227084,100,-3.9072115384615387,-13.375,-13.375,6.769230769230769,10.053969230659614
"{""alpha"": 0.1, ""q_init"": 0, ""epsilon"": 0.1, ""epsilon_decay"": 0.0001, ""discount_factor"": 0.7}",5.063291648080849,100,-1.8927884615384616,6.769230769230769,-13.375,6.769230769230769,9.972920192095904
"{""alpha"": 0.1, ""q_init"": 0, ""epsilon"": 0.1, ""epsilon_decay"": 0.0001, ""discount_factor"": 0.8}",3.8771703159627577,100,-1.2526666666666664,5.733333333333333,-10.9,5.733333333333333,8.20952316926304
"{""alpha"": 0.1, ""q_init"": 0, ""epsilon"": 0.1, ""epsilon_decay"": 0.0001, ""discount_factor"": 0.9}",3.616082526574246,100,-4.5115384615384615,-13.375,-13.375,6.769230769230769,9.999333187827249
"{""alpha"": 0.1, ""q_init"": 0, ""epsilon"": 0.3, ""epsilon_decay"": 0.0001, ""discount_factor"": 0.0}",35.70668509680263,100,-1.0,-1.0,-1.0,-1.0,0.0
"{""alpha"": 0.1, ""q_init"": 0, ""epsilon"": 0.3, ""epsilon_decay"": 0.0001, ""discount_factor"": 0.1}",3.6555855476235593,100,-3.7057692307692305,-13.375,-13.375,6.769230769230769,10.064054466649727
"{""alpha"": 0.1, ""q_init"": 0, ""epsilon"": 0.3, ""epsilon_decay"": 0.0001, ""discount_factor"": 0.2}",3.3241661039483006,100,-1.6913461538461536,6.769230769230769,-13.375,6.769230769230769,9.94235646655199
"{""alpha"": 0.1, ""q_init"": 0, ""epsilon"": 0.3, ""epsilon_decay"": 0.0001, ""discount_factor"": 0.3}",3.3152582834231907,100,-3.9072115384615373,-13.375,-13.375,6.769230769230769,10.053969230659614
"{""alpha"": 0.1, ""q_init"": 0, ""epsilon"": 0.3, ""epsilon_decay"": 0.0001, ""discount_factor"": 0.4}",3.477968289118053,100,-4.310096153846153,-13.375,-13.375,6.769230769230769,10.021628272780621
"{""alpha"": 0.1, ""q_init"": 0, ""epsilon"": 0.3, ""epsilon_decay"": 0.0001, ""discount_factor"": 0.5}",3.1752289809178365,100,-3.705769230769231,-13.375,-13.375,6.769230769230769,10.064054466649727
"{""alpha"": 0.1, ""q_init"": 0, ""epsilon"": 0.3, ""epsilon_decay"": 0.0001, ""discount_factor"": 0.6}",3.3052323131523735,100,-2.9,6.769230769230769,-13.375,6.769230769230769,10.064054466649726
"{""alpha"": 0.1, ""q_init"": 0, ""epsilon"": 0.3, ""epsilon_decay"": 0.0001, ""discount_factor"": 0.7}",3.5436471569341847,100,-2.4971153846153844,6.769230769230769,-13.375,6.769230769230769,10.039832880469248
"{""alpha"": 0.1, ""q_init"": 0, ""epsilon"": 0.3, ""epsilon_decay"": 0.0001, ""discount_factor"": 0.8}",3.320392040015122,100,-3.9072115384615382,-13.375,-13.375,6.769230769230769,10.053969230659614
"{""alpha"": 0.1, ""q_init"": 0, ""epsilon"": 0.3, ""epsilon_decay"": 0.0001, ""discount_factor"": 0.9}",3.2524627680113554,100,-3.302884615384615,-3.3028846153846154,-13.375,6.769230769230769,10.072115384615383
"{""alpha"": 0.1, ""q_init"": 0, ""epsilon"": 0.5, ""epsilon_decay"": 0.0001, ""discount_factor"": 0.0}",32.86400040903618,100,-1.0,-1.0,-1.0,-1.0,0.0
"{""alpha"": 0.1, ""q_init"": 0, ""epsilon"": 0.5, ""epsilon_decay"": 0.0001, ""discount_factor"": 0.1}",3.5909973253974385,100,-1.691346153846154,6.769230769230769,-13.375,6.769230769230769,9.942356466551988
"{""alpha"": 0.1, ""q_init"": 0, ""epsilon"": 0.5, ""epsilon_decay"": 0.0001, ""discount_factor"": 0.2}",3.640738945004159,100,-3.3028846153846154,-3.3028846153846154,-13.375,6.769230769230769,10.072115384615383
"{""alpha"": 0.1, ""q_init"": 0, ""epsilon"": 0.5, ""epsilon_decay"": 0.0001, ""discount_factor"": 0.3}",3.6706743983904744,100,-4.712980769230769,-13.375,-13.375,6.769230769230769,9.972920192095904
"{""alpha"": 0.1, ""q_init"": 0, ""epsilon"": 0.5, ""epsilon_decay"": 0.0001, ""discount_factor"": 0.4}",3.4002972564603624,100,-4.108653846153846,-13.375,-13.375,6.769230769230769,10.039832880469248
"{""alpha"": 0.1, ""q_init"": 0, ""epsilon"": 0.5, ""epsilon_decay"": 0.0001, ""discount_factor"": 0.5}",3.3923422081252284,100,-2.8999999999999995,6.769230769230769,-13.375,6.769230769230769,10.06405446664973
"{""alpha"": 0.1, ""q_init"": 0, ""epsilon"": 0.5, ""epsilon_decay"": 0.0001, ""discount_factor"": 0.6}",3.244904414240864,100,-2.094230769230769,6.769230769230769,-13.375,6.769230769230769,9.999333187827249
"{""alpha"": 0.1, ""q_init"": 0, ""epsilon"": 0.5, ""epsilon_decay"": 0.0001, ""discount_factor"": 0.7}",3.3831639300619827,100,-4.108653846153845,-13.375,-13.375,6.769230769230769,10.039832880469248
"{""alpha"": 0.1, ""q_init"": 0, ""epsilon"": 0.5, ""epsilon_decay"": 0.0001, ""discount_factor"": 0.8}",3.259504184686648,100,-3.581333333333332,-10.9,-10.9,5.733333333333333,8.256569532465916
"{""alpha"": 0.1, ""q_init"": 0, ""epsilon"": 0.5, ""epsilon_decay"": 0.0001, ""discount_factor"": 0.9}",3.2956612193156616,100,-2.698557692307693,6.769230769230769,-13.375,6.769230769230769,10.053969230659614
"{""alpha"": 0.5, ""q_init"": ""random"", ""epsilon"": 0.1, ""epsilon_decay"": 0.0001, ""discount_factor"": 0.0}",32.44973844605056,100,-1.0,-1.0,-1.0,-1.0,0.0
"{""alpha"": 0.5, ""q_init"": ""random"", ""epsilon"": 0.1, ""epsilon_decay"": 0.0001, ""discount_factor"": 0.1}",2.8732661362128056,100,-3.3028846153846154,-3.3028846153846154,-13.375,6.769230769230769,10.072115384615383
"{""alpha"": 0.5, ""q_init"": ""random"", ""epsilon"": 0.1, ""epsilon_decay"": 0.0001, ""discount_factor"": 0.2}",3.14994172997649,100,-4.914423076923077,-13.375,-13.375,6.769230769230769,9.942356466551988
"{""alpha"": 0.5, ""q_init"": ""random"", ""epsilon"": 0.1, ""epsilon_decay"": 0.0001, ""discount_factor"": 0.3}",3.00366016851558,100,-3.1014423076923077,6.769230769230769,-13.375,6.769230769230769,10.070100760055857
"{""alpha"": 0.5, ""q_init"": ""random"", ""epsilon"": 0.1, ""epsilon_decay"": 0.0001, ""discount_factor"": 0.4}",2.818798385717855,100,-3.3028846153846154,-3.3028846153846154,-13.375,6.769230769230769,10.072115384615383
"{""alpha"": 0.5, ""q_init"": ""random"", ""epsilon"": 0.1, ""epsilon_decay"": 0.0001, ""discount_factor"": 0.5}",2.7370976415186306,100,-2.2956730769230766,6.769230769230769,-13.375,6.769230769230769,10.02162827278062
"{""alpha"": 0.5, ""q_init"": ""random"", ""epsilon"": 0.1, ""epsilon_decay"": 0.0001, ""discount_factor"": 0.6}",3.0265372795920484,100,-3.747666666666666,-10.9,-10.9,5.733333333333333,8.234760004598394
"{""alpha"": 0.5, ""q_init"": ""random"", ""epsilon"": 0.1, ""epsilon_decay"": 0.0001, ""discount_factor"": 0.7}",2.9565896256435735,100,2.4339999999999997,5.733333333333333,-1.0,5.733333333333333,3.36599326598653
"{""alpha"": 0.5, ""q_init"": ""random"", ""epsilon"": 0.1, ""epsilon_decay"": 0.0001, ""discount_factor"": 0.8}",2.9485467755785066,100,-3.0823333333333323,-10.9,-10.9,5.733333333333333,8.301683169360562
"{""alpha"": 0.5, ""q_init"": ""random"", ""epsilon"": 0.1, ""epsilon_decay"": 0.0001, ""discount_factor"": 0.9}",2.9052435969088037,100,-5.115865384615385,-13.375,-13.375,6.769230769230769,9.907603597813415
"{""alpha"": 0.5, ""q_init"": ""random"", ""epsilon"": 0.3, ""epsilon_decay"": 0.0001, ""discount_factor"": 0.0}",32.75481102352478,100,-1.0,-1.0,-1.0,-1.0,0.0
"{""alpha"": 0.5, ""q_init"": ""random"", ""epsilon"": 0.3, ""epsilon_decay"": 0.0001, ""discount_factor"": 0.1}",3.0110302245998355,100,-3.7057692307692305,-13.375,-13.375,6.769230769230769,10.064054466649727
"{""alpha"": 0.5, ""q_init"": ""random"", ""epsilon"": 0.3, ""epsilon_decay"": 0.0001, ""discount_factor"": 0.2}",3.088280937327454,100,-3.9072115384615387,-13.375,-13.375,6.769230769230769,10.053969230659614
"{""alpha"": 0.5, ""q_init"": ""random"", ""epsilon"": 0.3, ""epsilon_decay"": 0.0001, ""discount_factor"": 0.3}",3.0882477912928152,100,-2.4971153846153844,6.769230769230769,-13.375,6.769230769230769,10.039832880469248
"{""alpha"": 0.5, ""q_init"": ""random"", ""epsilon"": 0.3, ""epsilon_decay"": 0.0001, ""discount_factor"": 0.4}",3.1348966037653554,100,-3.7057692307692305,-13.375,-13.375,6.769230769230769,10.064054466649727
"{""alpha"": 0.5, ""q_init"": ""random"", ""epsilon"": 0.3, ""epsilon_decay"": 0.0001, ""discount_factor"": 0.5}",3.018700710700159,100,-3.302884615384615,-3.3028846153846154,-13.375,6.769230769230769,10.072115384615383
"{""alpha"": 0.5, ""q_init"": ""random"", ""epsilon"": 0.3, ""epsilon_decay"": 0.0001, ""discount_factor"": 0.6}",2.9357700370424027,100,-2.4971153846153844,6.769230769230769,-13.375,6.769230769230769,10.039832880469248
"{""alpha"": 0.5, ""q_init"": ""random"", ""epsilon"": 0.3, ""epsilon_decay"": 0.0001, ""discount_factor"": 0.7}",2.928914802349027,100,-2.4971153846153853,6.769230769230769,-13.375,6.769230769230769,10.039832880469248
"{""alpha"": 0.5, ""q_init"": ""random"", ""epsilon"": 0.3, ""epsilon_decay"": 0.0001, ""discount_factor"": 0.8}",3.006928931727998,100,2.1646666666666667,-1.0,-1.0,5.733333333333333,3.360601202827322
"{""alpha"": 0.5, ""q_init"": ""random"", ""epsilon"": 0.3, ""epsilon_decay"": 0.0001, ""discount_factor"": 0.9}",3.459237958556969,100,-2.915999999999999,-10.9,-10.9,5.733333333333333,8.310010669868802
"{""alpha"": 0.5, ""q_init"": ""random"", ""epsilon"": 0.5, ""epsilon_decay"": 0.0001, ""discount_factor"": 0.0}",33.531566485127314,100,-1.0,-1.0,-1.0,-1.0,0.0
"{""alpha"": 0.5, ""q_init"": ""random"", ""epsilon"": 0.5, ""epsilon_decay"": 0.0001, ""discount_factor"": 0.1}",3.178236454643411,100,-0.885576923076923,6.769230769230769,-13.375,6.769230769230769,9.777736539798768
"{""alpha"": 0.5, ""q_init"": ""random"", ""epsilon"": 0.5, ""epsilon_decay"": 0.0001, ""discount_factor"": 0.2}",3.6978111275470837,100,-2.9,6.769230769230769,-13.375,6.769230769230769,10.064054466649726
"{""alpha"": 0.5, ""q_init"": ""random"", ""epsilon"": 0.5, ""epsilon_decay"": 0.0001, ""discount_factor"": 0.3}",3.1533413142401514,100,-2.094230769230769,6.769230769230769,-13.375,6.769230769230769,9.999333187827249
"{""alpha"": 0.5, ""q_init"": ""random"", ""epsilon"": 0.5, ""epsilon_decay"": 0.0001, ""discount_factor"": 0.4}",3.210899756164963,100,-2.698557692307692,6.769230769230769,-13.375,6.769230769230769,10.053969230659614
"{""alpha"": 0.5, ""q_init"": ""random"", ""epsilon"": 0.5, ""epsilon_decay"": 0.0001, ""discount_factor"": 0.5}",3.2846218266636242,100,-3.3028846153846154,-3.3028846153846154,-13.375,6.769230769230769,10.072115384615383
"{""alpha"": 0.5, ""q_init"": ""random"", ""epsilon"": 0.5, ""epsilon_decay"": 0.0001, ""discount_factor"": 0.6}",3.3520881120334707,100,-3.3028846153846154,-3.3028846153846154,-13.375,6.769230769230769,10.072115384615383
"{""alpha"": 0.5, ""q_init"": ""random"", ""epsilon"": 0.5, ""epsilon_decay"": 0.0001, ""discount_factor"": 0.7}",3.9657499202203326,100,-5.72019230769231,-13.375,-13.375,6.769230769230769,9.777736539798767
"{""alpha"": 0.5, ""q_init"": ""random"", ""epsilon"": 0.5, ""epsilon_decay"": 0.0001, ""discount_factor"": 0.8}",3.3626232618166796,100,-4.310096153846153,-13.375,-13.375,6.769230769230769,10.02162827278062
"{""alpha"": 0.5, ""q_init"": ""random"", ""epsilon"": 0.5, ""epsilon_decay"": 0.0001, ""discount_factor"": 0.9}",3.2304880048377527,100,-2.4971153846153844,6.769230769230769,-13.375,6.769230769230769,10.039832880469248
"{""alpha"": 0.5, ""q_init"": 0, ""epsilon"": 0.1, ""epsilon_decay"": 0.0001, ""discount_factor"": 0.0}",32.47918552435067,100,-1.0,-1.0,-1.0,-1.0,0.0
"{""alpha"": 0.5, ""q_init"": 0, ""epsilon"": 0.1, ""epsilon_decay"": 0.0001, ""discount_factor"": 0.1}",2.831520115940748,100,-1.4899038461538459,6.769230769230769,-13.375,6.769230769230769,9.907603597813415
"{""alpha"": 0.5, ""q_init"": 0, ""epsilon"": 0.1, ""epsilon_decay"": 0.0001, ""discount_factor"": 0.2}",2.9177798503842496,100,-4.712980769230769,-13.375,-13.375,6.769230769230769,9.972920192095906
"{""alpha"": 0.5, ""q_init"": 0, ""epsilon"": 0.1, ""epsilon_decay"": 0.0001, ""discount_factor"": 0.3}",2.7934585947841697,100,-2.698557692307692,6.769230769230769,-13.375,6.769230769230769,10.053969230659614
"{""alpha"": 0.5, ""q_init"": 0, ""epsilon"": 0.1, ""epsilon_decay"": 0.0001, ""discount_factor"": 0.4}",2.8036566423415934,100,-3.504326923076923,-13.375,-13.375,6.769230769230769,10.070100760055857
"{""alpha"": 0.5, ""q_init"": 0, ""epsilon"": 0.1, ""epsilon_decay"": 0.0001, ""discount_factor"": 0.5}",2.7659392757591377,100,-2.09423076923077,6.769230769230769,-13.375,6.769230769230769,9.99933318782725
"{""alpha"": 0.5, ""q_init"": 0, ""epsilon"": 0.1, ""epsilon_decay"": 0.0001, ""discount_factor"": 0.6}",2.8238468089007256,100,-4.310096153846154,-13.375,-13.375,6.769230769230769,10.021628272780621
"{""alpha"": 0.5, ""q_init"": 0, ""epsilon"": 0.1, ""epsilon_decay"": 0.0001, ""discount_factor"": 0.7}",2.850019482110838,100,-2.6985576923076917,6.769230769230769,-13.375,6.769230769230769,10.053969230659614
"{""alpha"": 0.5, ""q_init"": 0, ""epsilon"": 0.1, ""epsilon_decay"": 0.0001, ""discount_factor"": 0.8}",2.8329270593294495,100,-3.9072115384615373,-13.375,-13.375,6.769230769230769,10.053969230659614
"{""alpha"": 0.5, ""q_init"": 0, ""epsilon"": 0.1, ""epsilon_decay"": 0.0001, ""discount_factor"": 0.9}",2.9117091893854194,100,-2.749666666666666,-10.9,-10.9,5.733333333333333,8.315003166966724
"{""alpha"": 0.5, ""q_init"": 0, ""epsilon"": 0.3, ""epsilon_decay"": 0.0001, ""discount_factor"": 0.0}",32.17362527702517,100,-1.0,-1.0,-1.0,-1.0,0.0
"{""alpha"": 0.5, ""q_init"": 0, ""epsilon"": 0.3, ""epsilon_decay"": 0.0001, ""discount_factor"": 0.1}",3.246722156889973,100,-3.9072115384615382,-13.375,-13.375,6.769230769230769,10.053969230659614
"{""alpha"": 0.5, ""q_init"": 0, ""epsilon"": 0.3, ""epsilon_decay"": 0.0001, ""discount_factor"": 0.2}",3.0442249205289045,100,-4.108653846153846,-13.375,-13.375,6.769230769230769,10.03983288046925
"{""alpha"": 0.5, ""q_init"": 0, ""epsilon"": 0.3, ""epsilon_decay"": 0.0001, ""discount_factor"": 0.3}",2.9711146412032576,100,2.636,5.733333333333333,-1.0,5.733333333333333,3.3558760406189014
"{""alpha"": 0.5, ""q_init"": 0, ""epsilon"": 0.3, ""epsilon_decay"": 0.0001, ""discount_factor"": 0.4}",2.9596080305086616,100,-2.4170000000000003,5.733333333333333,-10.9,5.733333333333333,8.315003166966726
"{""alpha"": 0.5, ""q_init"": 0, ""epsilon"": 0.3, ""epsilon_decay"": 0.0001, ""discount_factor"": 0.5}",3.034151346910221,100,-3.705769230769231,-13.375,-13.375,6.769230769230769,10.064054466649726
"{""alpha"": 0.5, ""q_init"": 0, ""epsilon"": 0.3, ""epsilon_decay"": 0.0001, ""discount_factor"": 0.6}",2.9200157972591114,100,-2.295673076923077,6.769230769230769,-13.375,6.769230769230769,10.02162827278062
"{""alpha"": 0.5, ""q_init"": 0, ""epsilon"": 0.3, ""epsilon_decay"": 0.0001, ""discount_factor"": 0.7}",2.986974666203423,100,-2.295673076923076,6.769230769230769,-13.375,6.769230769230769,10.02162827278062
"{""alpha"": 0.5, ""q_init"": 0, ""epsilon"": 0.3, ""epsilon_decay"": 0.0001, ""discount_factor"": 0.8}",3.6181002032840297,100,-3.4149999999999987,-10.9,-10.9,5.733333333333333,8.274978851936723
"{""alpha"": 0.5, ""q_init"": 0, ""epsilon"": 0.3, ""epsilon_decay"": 0.0001, ""discount_factor"": 0.9}",3.023274863493043,100,-2.2956730769230766,6.769230769230769,-13.375,6.769230769230769,10.021628272780621
"{""alpha"": 0.5, ""q_init"": 0, ""epsilon"": 0.5, ""epsilon_decay"": 0.0001, ""discount_factor"": 0.0}",32.8902584156549,100,-1.0,-1.0,-1.0,-1.0,0.0
"{""alpha"": 0.5, ""q_init"": 0, ""epsilon"": 0.5, ""epsilon_decay"": 0.0001, ""discount_factor"": 0.1}",3.9266950758747043,100,-5.72019230769231,-13.375,-13.375,6.769230769230769,9.777736539798767
"{""alpha"": 0.5, ""q_init"": 0, ""epsilon"": 0.5, ""epsilon_decay"": 0.0001, ""discount_factor"": 0.2}",3.9335347954024655,100,-2.094230769230769,6.769230769230769,-13.375,6.769230769230769,9.999333187827249
"{""alpha"": 0.5, ""q_init"": 0, ""epsilon"": 0.5, ""epsilon_decay"": 0.0001, ""discount_factor"": 0.3}",3.527281125977879,100,-3.907211538461539,-13.375,-13.375,6.769230769230769,10.053969230659614
"{""alpha"": 0.5, ""q_init"": 0, ""epsilon"": 0.5, ""epsilon_decay"": 0.0001, ""discount_factor"": 0.4}",3.4106236567481574,100,-4.511538461538461,-13.375,-13.375,6.769230769230769,9.99933318782725
"{""alpha"": 0.5, ""q_init"": 0, ""epsilon"": 0.5, ""epsilon_decay"": 0.0001, ""discount_factor"": 0.5}",3.233684481484943,100,-2.9,6.769230769230769,-13.375,6.769230769230769,10.064054466649727
"{""alpha"": 0.5, ""q_init"": 0, ""epsilon"": 0.5, ""epsilon_decay"": 0.0001, ""discount_factor"": 0.6}",3.32693132952636,100,-3.5043269230769227,-13.375,-13.375,6.769230769230769,10.070100760055857
"{""alpha"": 0.5, ""q_init"": 0, ""epsilon"": 0.5, ""epsilon_decay"": 0.0001, ""discount_factor"": 0.7}",3.546449407338514,100,-3.504326923076923,-13.375,-13.375,6.769230769230769,10.070100760055857
"{""alpha"": 0.5, ""q_init"": 0, ""epsilon"": 0.5, ""epsilon_decay"": 0.0001, ""discount_factor"": 0.8}",3.464272982278999,100,-4.310096153846153,-13.375,-13.375,6.769230769230769,10.02162827278062
"{""alpha"": 0.5, ""q_init"": 0, ""epsilon"": 0.5, ""epsilon_decay"": 0.0001, ""discount_factor"": 0.9}",3.47252987110096,100,-3.705769230769231,-13.375,-13.375,6.769230769230769,10.064054466649727
"{""alpha"": 0.9, ""q_init"": ""random"", ""epsilon"": 0.1, ""epsilon_decay"": 0.0001, ""discount_factor"": 0.0}",40.628127936641704,100,-1.0,-1.0,-1.0,-1.0,0.0
"{""alpha"": 0.9, ""q_init"": ""random"", ""epsilon"": 0.1, ""epsilon_decay"": 0.0001, ""discount_factor"": 0.1}",3.1478722185097467,100,-2.0942307692307693,6.769230769230769,-13.375,6.769230769230769,9.999333187827249
"{""alpha"": 0.9, ""q_init"": ""random"", ""epsilon"": 0.1, ""epsilon_decay"": 0.0001, ""discount_factor"": 0.2}",3.0612648033188634,100,-4.511538461538461,-13.375,-13.375,6.769230769230769,9.999333187827249
"{""alpha"": 0.9, ""q_init"": ""random"", ""epsilon"": 0.1, ""epsilon_decay"": 0.0001, ""discount_factor"": 0.3}",3.134642014009387,100,-1.2884615384615383,6.769230769230769,-13.375,6.769230769230769,9.868617329097612
"{""alpha"": 0.9, ""q_init"": ""random"", ""epsilon"": 0.1, ""epsilon_decay"": 0.0001, ""discount_factor"": 0.4}",3.0828897700403104,100,-1.8927884615384616,6.769230769230769,-13.375,6.769230769230769,9.972920192095904
"{""alpha"": 0.9, ""q_init"": ""random"", ""epsilon"": 0.1, ""epsilon_decay"": 0.0001, ""discount_factor"": 0.5}",3.224426159273662,100,1.8279999999999998,-1.0,-1.0,5.733333333333333,3.3232939482788257
"{""alpha"": 0.9, ""q_init"": ""random"", ""epsilon"": 0.1, ""epsilon_decay"": 0.0001, ""discount_factor"": 0.6}",3.447083237098468,100,-3.1014423076923077,6.769230769230769,-13.375,6.769230769230769,10.070100760055857
"{""alpha"": 0.9, ""q_init"": ""random"", ""epsilon"": 0.1, ""epsilon_decay"": 0.0001, ""discount_factor"": 0.7}",3.049032506034564,100,-4.108653846153846,-13.375,-13.375,6.769230769230769,10.039832880469248
"{""alpha"": 0.9, ""q_init"": ""random"", ""epsilon"": 0.1, ""epsilon_decay"": 0.0001, ""discount_factor"": 0.8}",3.188573080835795,100,-2.4170000000000003,5.733333333333333,-10.9,5.733333333333333,8.315003166966726
"{""alpha"": 0.9, ""q_init"": ""random"", ""epsilon"": 0.1, ""epsilon_decay"": 0.0001, ""discount_factor"": 0.9}",3.2293631553611704,100,-3.7057692307692305,-13.375,-13.375,6.769230769230769,10.064054466649727
"{""alpha"": 0.9, ""q_init"": ""random"", ""epsilon"": 0.3, ""epsilon_decay"": 0.0001, ""discount_factor"": 0.0}",36.824776308342734,100,-1.0,-1.0,-1.0,-1.0,0.0
"{""alpha"": 0.9, ""q_init"": ""random"", ""epsilon"": 0.3, ""epsilon_decay"": 0.0001, ""discount_factor"": 0.1}",3.432596304216986,100,-5.3173076923076925,-13.375,-13.375,6.769230769230769,9.868617329097612
"{""alpha"": 0.9, ""q_init"": ""random"", ""epsilon"": 0.3, ""epsilon_decay"": 0.0001, ""discount_factor"": 0.2}",3.3533480139708445,100,-4.310096153846153,-13.375,-13.375,6.769230769230769,10.02162827278062
"{""alpha"": 0.9, ""q_init"": ""random"", ""epsilon"": 0.3, ""epsilon_decay"": 0.0001, ""discount_factor"": 0.3}",3.3068095707412795,100,-2.4971153846153853,6.769230769230769,-13.375,6.769230769230769,10.039832880469248
"{""alpha"": 0.9, ""q_init"": ""random"", ""epsilon"": 0.3, ""epsilon_decay"": 0.0001, ""discount_factor"": 0.4}",3.3337862116022734,100,-3.1014423076923077,6.769230769230769,-13.375,6.769230769230769,10.070100760055857
"{""alpha"": 0.9, ""q_init"": ""random"", ""epsilon"": 0.3, ""epsilon_decay"": 0.0001, ""discount_factor"": 0.5}",3.191675761256647,100,-1.6913461538461538,6.769230769230769,-13.375,6.769230769230769,9.94235646655199
"{""alpha"": 0.9, ""q_init"": ""random"", ""epsilon"": 0.3, ""epsilon_decay"": 0.0001, ""discount_factor"": 0.6}",3.3131866562530377,100,-3.5043269230769227,-13.375,-13.375,6.769230769230769,10.070100760055857
"{""alpha"": 0.9, ""q_init"": ""random"", ""epsilon"": 0.3, ""epsilon_decay"": 0.0001, ""discount_factor"": 0.7}",3.185918929735635,100,-2.698557692307692,6.769230769230769,-13.375,6.769230769230769,10.053969230659614
"{""alpha"": 0.9, ""q_init"": ""random"", ""epsilon"": 0.3, ""epsilon_decay"": 0.0001, ""discount_factor"": 0.8}",3.3879997249587177,100,-3.9072115384615382,-13.375,-13.375,6.769230769230769,10.053969230659614
"{""alpha"": 0.9, ""q_init"": ""random"", ""epsilon"": 0.3, ""epsilon_decay"": 0.0001, ""discount_factor"": 0.9}",3.432463720077976,100,-3.504326923076923,-13.375,-13.375,6.769230769230769,10.070100760055857
"{""alpha"": 0.9, ""q_init"": ""random"", ""epsilon"": 0.5, ""epsilon_decay"": 0.0001, ""discount_factor"": 0.0}",36.73168496457083,100,-1.0,-1.0,-1.0,-1.0,0.0
"{""alpha"": 0.9, ""q_init"": ""random"", ""epsilon"": 0.5, ""epsilon_decay"": 0.0001, ""discount_factor"": 0.1}",3.51623256527364,100,-2.4971153846153853,6.769230769230769,-13.375,6.769230769230769,10.039832880469248
"{""alpha"": 0.9, ""q_init"": ""random"", ""epsilon"": 0.5, ""epsilon_decay"": 0.0001, ""discount_factor"": 0.2}",3.5665239153931907,100,-5.51875,-13.375,-13.375,6.769230769230769,9.825347267057245
"{""alpha"": 0.9, ""q_init"": ""random"", ""epsilon"": 0.5, ""epsilon_decay"": 0.0001, ""discount_factor"": 0.3}",3.561690941435245,100,-3.5043269230769227,-13.375,-13.375,6.769230769230769,10.070100760055857
"{""alpha"": 0.9, ""q_init"": ""random"", ""epsilon"": 0.5, ""epsilon_decay"": 0.0001, ""discount_factor"": 0.4}",3.4018374892229986,100,-2.2956730769230766,6.769230769230769,-13.375,6.769230769230769,10.021628272780621
"{""alpha"": 0.9, ""q_init"": ""random"", ""epsilon"": 0.5, ""epsilon_decay"": 0.0001, ""discount_factor"": 0.5}",3.6746677903406635,100,-5.5187500000000025,-13.375,-13.375,6.769230769230769,9.825347267057243
"{""alpha"": 0.9, ""q_init"": ""random"", ""epsilon"": 0.5, ""epsilon_decay"": 0.0001, ""discount_factor"": 0.6}",3.4848672483676637,100,-3.3028846153846154,-3.3028846153846154,-13.375,6.769230769230769,10.072115384615383
"{""alpha"": 0.9, ""q_init"": ""random"", ""epsilon"": 0.5, ""epsilon_decay"": 0.0001, ""discount_factor"": 0.7}",3.3496554046550955,100,-2.4971153846153844,6.769230769230769,-13.375,6.769230769230769,10.039832880469248
"{""alpha"": 0.9, ""q_init"": ""random"", ""epsilon"": 0.5, ""epsilon_decay"": 0.0001, ""discount_factor"": 0.8}",3.3713702888112493,100,-2.295673076923076,6.769230769230769,-13.375,6.769230769230769,10.02162827278062
"{""alpha"": 0.9, ""q_init"": ""random"", ""epsilon"": 0.5, ""epsilon_decay"": 0.0001, ""discount_factor"": 0.9}",3.834034630554015,100,-2.497115384615385,6.769230769230769,-13.375,6.769230769230769,10.03983288046925
"{""alpha"": 0.9, ""q_init"": 0, ""epsilon"": 0.1, ""epsilon_decay"": 0.0001, ""discount_factor"": 0.0}",41.46822899678591,100,-1.0,-1.0,-1.0,-1.0,0.0
"{""alpha"": 0.9, ""q_init"": 0, ""epsilon"": 0.1, ""epsilon_decay"": 0.0001, ""discount_factor"": 0.1}",2.7675736573651193,100,-4.310096153846153,-13.375,-13.375,6.769230769230769,10.02162827278062
"{""alpha"": 0.9, ""q_init"": 0, ""epsilon"": 0.1, ""epsilon_decay"": 0.0001, ""discount_factor"": 0.2}",2.8459329991696904,100,-4.310096153846153,-13.375,-13.375,6.769230769230769,10.02162827278062
"{""alpha"": 0.9, ""q_init"": 0, ""epsilon"": 0.1, ""epsilon_decay"": 0.0001, ""discount_factor"": 0.3}",2.701352816619419,100,-3.1014423076923077,6.769230769230769,-13.375,6.769230769230769,10.070100760055857
"{""alpha"": 0.9, ""q_init"": 0, ""epsilon"": 0.1, ""epsilon_decay"": 0.0001, ""discount_factor"": 0.4}",2.9477671385275244,100,-5.115865384615384,-13.375,-13.375,6.769230769230769,9.907603597813415
"{""alpha"": 0.9, ""q_init"": 0, ""epsilon"": 0.1, ""epsilon_decay"": 0.0001, ""discount_factor"": 0.5}",2.953938295482658,100,-4.5115384615384615,-13.375,-13.375,6.769230769230769,9.999333187827249
"{""alpha"": 0.9, ""q_init"": 0, ""epsilon"": 0.1, ""epsilon_decay"": 0.0001, ""discount_factor"": 0.6}",2.9626870855645393,100,-2.698557692307692,6.769230769230769,-13.375,6.769230769230769,10.053969230659614
"{""alpha"": 0.9, ""q_init"": 0, ""epsilon"": 0.1, ""epsilon_decay"": 0.0001, ""discount_factor"": 0.7}",2.6675819438737562,100,-4.914423076923077,-13.375,-13.375,6.769230769230769,9.942356466551988
"{""alpha"": 0.9, ""q_init"": 0, ""epsilon"": 0.1, ""epsilon_decay"": 0.0001, ""discount_factor"": 0.8}",4.629252433500824,100,-3.0823333333333323,-10.9,-10.9,5.733333333333333,8.301683169360563
"{""alpha"": 0.9, ""q_init"": 0, ""epsilon"": 0.1, ""epsilon_decay"": 0.0001, ""discount_factor"": 0.9}",3.732014661830817,100,-2.4971153846153844,6.769230769230769,-13.375,6.769230769230769,10.039832880469248
"{""alpha"": 0.9, ""q_init"": 0, ""epsilon"": 0.3, ""epsilon_decay"": 0.0001, ""discount_factor"": 0.0}",37.37048627701279,100,-1.0,-1.0,-1.0,-1.0,0.0
"{""alpha"": 0.9, ""q_init"": 0, ""epsilon"": 0.3, ""epsilon_decay"": 0.0001, ""discount_factor"": 0.1}",3.1377411682565253,100,-3.3028846153846154,-3.3028846153846154,-13.375,6.769230769230769,10.072115384615383
"{""alpha"": 0.9, ""q_init"": 0, ""epsilon"": 0.3, ""epsilon_decay"": 0.0001, ""discount_factor"": 0.2}",3.443651212034183,100,-3.504326923076923,-13.375,-13.375,6.769230769230769,10.070100760055857
"{""alpha"": 0.9, ""q_init"": 0, ""epsilon"": 0.3, ""epsilon_decay"": 0.0001, ""discount_factor"": 0.3}",3.4059810961816765,100,-2.698557692307693,6.769230769230769,-13.375,6.769230769230769,10.053969230659614
"{""alpha"": 0.9, ""q_init"": 0, ""epsilon"": 0.3, ""epsilon_decay"": 0.0001, ""discount_factor"": 0.4}",3.4823897585802115,100,-3.9072115384615382,-13.375,-13.375,6.769230769230769,10.053969230659614
"{""alpha"": 0.9, ""q_init"": 0, ""epsilon"": 0.3, ""epsilon_decay"": 0.0001, ""discount_factor"": 0.5}",3.191112631283886,100,-2.295673076923077,6.769230769230769,-13.375,6.769230769230769,10.02162827278062
"{""alpha"": 0.9, ""q_init"": 0, ""epsilon"": 0.3, ""epsilon_decay"": 0.0001, ""discount_factor"": 0.6}",3.759824184968693,100,-4.108653846153846,-13.375,-13.375,6.769230769230769,10.03983288046925
"{""alpha"": 0.9, ""q_init"": 0, ""epsilon"": 0.3, ""epsilon_decay"": 0.0001, ""discount_factor"": 0.7}",3.391812224187106,100,-2.094230769230769,6.769230769230769,-13.375,6.769230769230769,9.99933318782725
"{""alpha"": 0.9, ""q_init"": 0, ""epsilon"": 0.3, ""epsilon_decay"": 0.0001, ""discount_factor"": 0.8}",3.3736566599727666,100,-4.310096153846153,-13.375,-13.375,6.769230769230769,10.02162827278062
"{""alpha"": 0.9, ""q_init"": 0, ""epsilon"": 0.3, ""epsilon_decay"": 0.0001, ""discount_factor"": 0.9}",3.146073517199966,100,-3.3028846153846154,-3.3028846153846154,-13.375,6.769230769230769,10.072115384615383
"{""alpha"": 0.9, ""q_init"": 0, ""epsilon"": 0.5, ""epsilon_decay"": 0.0001, ""discount_factor"": 0.0}",72.98170515191623,100,-1.0,-1.0,-1.0,-1.0,0.0
"{""alpha"": 0.9, ""q_init"": 0, ""epsilon"": 0.5, ""epsilon_decay"": 0.0001, ""discount_factor"": 0.1}",3.856580986517656,100,-3.7057692307692305,-13.375,-13.375,6.769230769230769,10.064054466649726
"{""alpha"": 0.9, ""q_init"": 0, ""epsilon"": 0.5, ""epsilon_decay"": 0.0001, ""discount_factor"": 0.2}",3.6481608358444646,100,-4.310096153846154,-13.375,-13.375,6.769230769230769,10.02162827278062
"{""alpha"": 0.9, ""q_init"": 0, ""epsilon"": 0.5, ""epsilon_decay"": 0.0001, ""discount_factor"": 0.3}",3.272864857622153,100,-2.250666666666667,5.733333333333333,-10.9,5.733333333333333,8.3100106698688
"{""alpha"": 0.9, ""q_init"": 0, ""epsilon"": 0.5, ""epsilon_decay"": 0.0001, ""discount_factor"": 0.4}",3.287121178729649,100,-1.8927884615384614,6.769230769230769,-13.375,6.769230769230769,9.972920192095902
"{""alpha"": 0.9, ""q_init"": 0, ""epsilon"": 0.5, ""epsilon_decay"": 0.0001, ""discount_factor"": 0.5}",3.266755408710196,100,-3.504326923076923,-13.375,-13.375,6.769230769230769,10.070100760055857
"{""alpha"": 0.9, ""q_init"": 0, ""epsilon"": 0.5, ""epsilon_decay"": 0.0001, ""discount_factor"": 0.6}",3.3264489489356492,100,-3.1014423076923077,6.769230769230769,-13.375,6.769230769230769,10.070100760055857
"{""alpha"": 0.9, ""q_init"": 0, ""epsilon"": 0.5, ""epsilon_decay"": 0.0001, ""discount_factor"": 0.7}",3.347648659083916,100,-2.094230769230769,6.769230769230769,-13.375,6.769230769230769,9.999333187827249
"{""alpha"": 0.9, ""q_init"": 0, ""epsilon"": 0.5, ""epsilon_decay"": 0.0001, ""discount_factor"": 0.8}",3.385312780440927,100,-3.1014423076923077,6.769230769230769,-13.375,6.769230769230769,10.070100760055857
"{""alpha"": 0.9, ""q_init"": 0, ""epsilon"": 0.5, ""epsilon_decay"": 0.0001, ""discount_factor"": 0.9}",3.499963856717386,100,-4.511538461538461,-13.375,-13.375,6.769230769230769,9.99933318782725
